{\"GameInfo\":{\"Game_id\":\"0021700910\",\"Game_date\":\"02/27/2018\",\"Game_time\":\"08:00 PM\",\"Attendance\":\"16093\",\"Duration\":\"143\",\"DisplayDuration\":\"2:23\",\"Arena_name\":\"BMO Harris Bradley Center\",\"Location\":\"Milwaukee, WI\"},\"Player\":[{\"Team_id\":\"1610612764\",\"Team_city\":\"Washington\",\"Team_abr\":\"WAS\",\"Team_name\":\"Wizards\",\"Person_id\":\"203490\",\"Jersey_number\":\"22\",\"First_name\":\"Otto\",\"Last_name\":\"Porter Jr.\",\"Starting_position\":\"SF\",\"Minutes\":\"33\",\"Seconds\":\"45\",\"PlusMinus\":\"8\",\"FG_made\":\"7\",\"FG_attempted\":\"18\",\"FT_made\":\"0\",\"FT_attempted\":\"0\",\"Three_made\":\"3\",\"Three_attempted\":\"6\",\"Offensive_rebounds\":\"3\",\"Defensive_rebounds\":\"4\",\"Assists\":\"2\",\"Fouls\":\"4\",\"Steals\":\"3\",\"Turnovers\":\"0\",\"Blocks\":\"0\",\"Points\":\"17\",\"Efficiency\":\"13\",\"FlagrantFouls\":\"0\",\"TechnicalFouls\":\"0\",\"Ejections\":\"0\",\"BlocksAgainst\":\"1\",\"OnCrt\":\"1\",\"BoxScoreOrder\":\"0\",\"Total_rebounds\":\"7\",\"FastBreakPoints\":\"2\",\"FastBreakPointsMade\":\"1\",\"FastBreakPointsAttempted\":\"5\",\"PointsInThePaint\":\"4\",\"PointsInThePaintMade\":\"2\",\"PointsInThePaintAttempted\":\"7\",\"SecondChancePoints\":\"3\",\"SecondChancePointsMade\":\"1\",\"SecondChancePointsAttempted\":\"3\"},{\"Team_id\":\"1610612764\",\"Team_city\":\"Washington\",\"Team_abr\":\"WAS\",\"Team_name\":\"Wizards\",\"Person_id\":\"202693\",\"Jersey_number\":\"5\",\"First_name\":\"Markieff\",\"Last_name\":\"Morris\",\"Starting_position\":\"PF\",\"Minutes\":\"32\",\"Seconds\":\"19\",\"PlusMinus\":\"8\",\"FG_made\":\"6\",\"FG_attempted\":\"8\",\"FT_made\":\"1\",\"FT_attempted\":\"1\",\"Three_made\":\"1\",\"Three_attempted\":\"2\",\"Offensive_rebounds\":\"1\",\"Defensive_rebounds\":\"3\",\"Assists\":\"4\",\"Fouls\":\"1\",\"Steals\":\"1\",\"Turnovers\":\"1\",\"Blocks\":\"1\",\"Points\":\"14\",\"Efficiency\":\"15\",\"FlagrantFouls\":\"0\",\"TechnicalFouls\":\"0\",\"Ejections\":\"0\",\"BlocksAgainst\":\"0\",\"OnCrt\":\"1\",\"BoxScoreOrder\":\"1\",\"Total_rebounds\":\"4\",\"FastBreakPoints\":\"4\",\"FastBreakPointsMade\":\"2\",\"FastBreakPointsAttempted\":\"2\",\"PointsInThePaint\":\"8\",\"PointsInThePaintMade\":\"4\",\"PointsInThePaintAttempted\":\"4\",\"SecondChancePoints\":\"0\",\"SecondChancePointsMade\":\"0\",\"SecondChancePointsAttempted\":\"0\"},{\"Team_id\":\"1610612764\",\"Team_city\":\"Washington\",\"Team_abr\":\"WAS\",\"Team_name\":\"Wizards\",\"Person_id\":\"101162\",\"Jersey_number\":\"13\",\"First_name\":\"Marcin\",\"Last_name\":\"Gortat\",\"Starting_position\":\"C\",\"Minutes\":\"26\",\"Seconds\":\"24\",\"PlusMinus\":\"5\",\"FG_made\":\"2\",\"FG_attempted\":\"6\",\"FT_made\":\"2\",\"FT_attempted\":\"2\",\"Three_made\":\"0\",\"Three_attempted\":\"0\",\"Offensive_rebounds\":\"0\",\"Defensive_rebounds\":\"7\",\"Assists\":\"2\",\"Fouls\":\"2\",\"Steals\":\"1\",\"Turnovers\":\"0\",\"Blocks\":\"1\",\"Points\":\"6\",\"Efficiency\":\"7\",\"FlagrantFouls\":\"0\",\"TechnicalFouls\":\"0\",\"Ejections\":\"0\",\"BlocksAgainst\":\"0\",\"OnCrt\":\"0\",\"BoxScoreOrder\":\"2\",\"Total_rebounds\":\"7\",\"FastBreakPoints\":\"0\",\"FastBreakPointsMade\":\"0\",\"FastBreakPointsAttempted\":\"0\",\"PointsInThePaint\":\"4\",\"PointsInThePaintMade\":\"2\",\"PointsInThePaintAttempted\":\"4\",\"SecondChancePoints\":\"0\",\"SecondChancePointsMade\":\"0\",\"SecondChancePointsAttempted\":\"0\"},{\"Team_id\":\"1610612764\",\"Team_city\":\"Washington\",\"Team_abr\":\"WAS\",\"Team_name\":\"Wizards\",\"Person_id\":\"203078\",\"Jersey_number\":\"3\",\"First_name\":\"Bradley\",\"Last_name\":\"Beal\",\"Starting_position\":\"SG\",\"Minutes\":\"34\",\"Seconds\":\"54\",\"PlusMinus\":\"6\",\"FG_made\":\"9\",\"FG_attempted\":\"16\",\"FT_made\":\"1\",\"FT_attempted\":\"3\",\"Three_made\":\"2\",\"Three_attempted\":\"5\",\"Offensive_rebounds\":\"2\",\"Defensive_rebounds\":\"5\",\"Assists\":\"8\",\"Fouls\":\"3\",\"Steals\":\"1\",\"Turnovers\":\"3\",\"Blocks\":\"1\",\"Points\":\"21\",\"Efficiency\":\"18\",\"FlagrantFouls\":\"0\",\"TechnicalFouls\":\"0\",\"Ejections\":\"0\",\"BlocksAgainst\":\"1\",\"OnCrt\":\"1\",\"BoxScoreOrder\":\"3\",\"Total_rebounds\":\"7\",\"FastBreakPoints\":\"2\",\"FastBreakPointsMade\":\"1\",\"FastBreakPointsAttempted\":\"2\",\"PointsInThePaint\":\"6\",\"PointsInThePaintMade\":\"3\",\"PointsInThePaintAttempted\":\"5\",\"SecondChancePoints\":\"4\",\"SecondChancePointsMade\":\"2\",\"SecondChancePointsAttempted\":\"2\"},{\"Team_id\":\"1610612764\",\"Team_city\":\"Washington\",\"Team_abr\":\"WAS\",\"Team_name\":\"Wizards\",\"Person_id\":\"203107\",\"Jersey_number\":\"31\",\"First_name\":\"Tomas\",\"Last_name\":\"Satoransky\",\"Starting_position\":\"PG\",\"Minutes\":\"20\",\"Seconds\":\"5\",\"PlusMinus\":\"11\",\"FG_made\":\"4\",\"FG_attempted\":\"6\",\"FT_made\":\"0\",\"FT_attempted\":\"0\",\"Three_made\":\"0\",\"Three_attempted\":\"2\",\"Offensive_rebounds\":\"0\",\"Defensive_rebounds\":\"2\",\"Assists\":\"6\",\"Fouls\":\"4\",\"Steals\":\"1\",\"Turnovers\":\"3\",\"Blocks\":\"0\",\"Points\":\"8\",\"Efficiency\":\"6\",\"FlagrantFouls\":\"0\",\"TechnicalFouls\":\"0\",\"Ejections\":\"0\",\"BlocksAgainst\":\"1\",\"OnCrt\":\"1\",\"BoxScoreOrder\":\"4\",\"Total_rebounds\":\"2\",\"FastBreakPoints\":\"2\",\"FastBreakPointsMade\":\"1\",\"FastBreakPointsAttempted\":\"1\",\"PointsInThePaint\":\"6\",\"PointsInThePaintMade\":\"3\",\"PointsInThePaintAttempted\":\"3\",\"SecondChancePoints\":\"2\",\"SecondChancePointsMade\":\"1\",\"SecondChancePointsAttempted\":\"1\"},{\"Team_id\":\"1610612764\",\"Team_city\":\"Washington\",\"Team_abr\":\"WAS\",\"Team_name\":\"Wizards\",\"Person_id\":\"204025\",\"Jersey_number\":\"8\",\"First_name\":\"Tim\",\"Last_name\":\"Frazier\",\"Starting_position\":\"\",\"Minutes\":\"20\",\"Seconds\":\"24\",\"PlusMinus\":\"-2\",\"FG_made\":\"1\",\"FG_attempted\":\"4\",\"FT_made\":\"6\",\"FT_attempted\":\"6\",\"Three_made\":\"0\",\"Three_attempted\":\"1\",\"Offensive_rebounds\":\"0\",\"Defensive_rebounds\":\"3\",\"Assists\":\"3\",\"Fouls\":\"0\",\"Steals\":\"1\",\"Turnovers\":\"1\",\"Blocks\":\"2\",\"Points\":\"8\",\"Efficiency\":\"10\",\"FlagrantFouls\":\"0\",\"TechnicalFouls\":\"0\",\"Ejections\":\"0\",\"BlocksAgainst\":\"0\",\"OnCrt\":\"0\",\"BoxScoreOrder\":\"5\",\"Total_rebounds\":\"3\",\"FastBreakPoints\":\"2\",\"FastBreakPointsMade\":\"1\",\"FastBreakPointsAttempted\":\"1\",\"PointsInThePaint\":\"2\",\"PointsInThePaintMade\":\"1\",\"PointsInThePaintAttempted\":\"2\",\"SecondChancePoints\":\"0\",\"SecondChancePointsMade\":\"0\",\"SecondChancePointsAttempted\":\"0\"},{\"Team_id\":\"1610612764\",\"Team_city\":\"Washington\",\"Team_abr\":\"WAS\",\"Team_name\":\"Wizards\",\"Person_id\":\"1626162\",\"Jersey_number\":\"12\",\"First_name\":\"Kelly\",\"Last_name\":\"Oubre Jr.\",\"Starting_position\":\"\",\"Minutes\":\"23\",\"Seconds\":\"6\",\"PlusMinus\":\"-7\",\"FG_made\":\"5\",\"FG_attempted\":\"13\",\"FT_made\":\"3\",\"FT_attempted\":\"3\",\"Three_made\":\"0\",\"Three_attempted\":\"2\",\"Offensive_rebounds\":\"1\",\"Defensive_rebounds\":\"3\",\"Assists\":\"1\",\"Fouls\":\"3\",\"Steals\":\"1\",\"Turnovers\":\"1\",\"Blocks\":\"1\",\"Points\":\"13\",\"Efficiency\":\"7\",\"FlagrantFouls\":\"0\",\"TechnicalFouls\":\"0\",\"Ejections\":\"0\",\"BlocksAgainst\":\"1\",\"OnCrt\":\"1\",\"BoxScoreOrder\":\"6\",\"Total_rebounds\":\"4\",\"FastBreakPoints\":\"2\",\"FastBreakPointsMade\":\"1\",\"FastBreakPointsAttempted\":\"2\",\"PointsInThePaint\":\"10\",\"PointsInThePaintMade\":\"5\",\"PointsInThePaintAttempted\":\"8\",\"SecondChancePoints\":\"0\",\"SecondChancePointsMade\":\"0\",\"SecondChancePointsAttempted\":\"1\"},{\"Team_id\":\"1610612764\",\"Team_city\":\"Washington\",\"Team_abr\":\"WAS\",\"Team_name\":\"Wizards\",\"Person_id\":\"101133\",\"Jersey_number\":\"28\",\"First_name\":\"Ian\",\"Last_name\":\"Mahinmi\",\"Starting_position\":\"\",\"Minutes\":\"18\",\"Seconds\":\"23\",\"PlusMinus\":\"-2\",\"FG_made\":\"3\",\"FG_attempted\":\"6\",\"FT_made\":\"2\",\"FT_attempted\":\"5\",\"Three_made\":\"0\",\"Three_attempted\":\"0\",\"Offensive_rebounds\":\"2\",\"Defensive_rebounds\":\"3\",\"Assists\":\"2\",\"Fouls\":\"3\",\"Steals\":\"0\",\"Turnovers\":\"1\",\"Blocks\":\"0\",\"Points\":\"8\",\"Efficiency\":\"5\",\"FlagrantFouls\":\"0\",\"TechnicalFouls\":\"0\",\"Ejections\":\"0\",\"BlocksAgainst\":\"3\",\"OnCrt\":\"0\",\"BoxScoreOrder\":\"7\",\"Total_rebounds\":\"5\",\"FastBreakPoints\":\"0\",\"FastBreakPointsMade\":\"0\",\"FastBreakPointsAttempted\":\"0\",\"PointsInThePaint\":\"6\",\"PointsInThePaintMade\":\"3\",\"PointsInThePaintAttempted\":\"6\",\"SecondChancePoints\":\"2\",\"SecondChancePointsMade\":\"1\",\"SecondChancePointsAttempted\":\"1\"},{\"Team_id\":\"1610612764\",\"Team_city\":\"Washington\",\"Team_abr\":\"WAS\",\"Team_name\":\"Wizards\",\"Person_id\":\"203118\",\"Jersey_number\":\"30\",\"First_name\":\"Mike\",\"Last_name\":\"Scott\",\"Starting_position\":\"\",\"Minutes\":\"14\",\"Seconds\":\"15\",\"PlusMinus\":\"-5\",\"FG_made\":\"2\",\"FG_attempted\":\"6\",\"FT_made\":\"0\",\"FT_attempted\":\"0\",\"Three_made\":\"0\",\"Three_attempted\":\"0\",\"Offensive_rebounds\":\"0\",\"Defensive_rebounds\":\"1\",\"Assists\":\"2\",\"Fouls\":\"2\",\"Steals\":\"0\",\"Turnovers\":\"1\",\"Blocks\":\"0\",\"Points\":\"4\",\"Efficiency\":\"0\",\"FlagrantFouls\":\"0\",\"TechnicalFouls\":\"0\",\"Ejections\":\"0\",\"BlocksAgainst\":\"1\",\"OnCrt\":\"0\",\"BoxScoreOrder\":\"8\",\"Total_rebounds\":\"1\",\"FastBreakPoints\":\"0\",\"FastBreakPointsMade\":\"0\",\"FastBreakPointsAttempted\":\"0\",\"PointsInThePaint\":\"2\",\"PointsInThePaintMade\":\"1\",\"PointsInThePaintAttempted\":\"4\",\"SecondChancePoints\":\"2\",\"SecondChancePointsMade\":\"1\",\"SecondChancePointsAttempted\":\"1\"},{\"Team_id\":\"1610612764\",\"Team_city\":\"Washington\",\"Team_abr\":\"WAS\",\"Team_name\":\"Wizards\",\"Person_id\":\"201975\",\"Jersey_number\":\"20\",\"First_name\":\"Jodie\",\"Last_name\":\"Meeks\",\"Starting_position\":\"\",\"Minutes\":\"16\",\"Seconds\":\"23\",\"PlusMinus\":\"-7\",\"FG_made\":\"3\",\"FG_attempted\":\"5\",\"FT_made\":\"1\",\"FT_attempted\":\"2\",\"Three_made\":\"1\",\"Three_attempted\":\"2\",\"Offensive_rebounds\":\"0\",\"Defensive_rebounds\":\"0\",\"Assists\":\"0\",\"Fouls\":\"0\",\"Steals\":\"0\",\"Turnovers\":\"0\",\"Blocks\":\"0\",\"Points\":\"8\",\"Efficiency\":\"5\",\"FlagrantFouls\":\"0\",\"TechnicalFouls\":\"0\",\"Ejections\":\"0\",\"BlocksAgainst\":\"1\",\"OnCrt\":\"0\",\"BoxScoreOrder\":\"9\",\"Total_rebounds\":\"0\",\"FastBreakPoints\":\"0\",\"FastBreakPointsMade\":\"0\",\"FastBreakPointsAttempted\":\"0\",\"PointsInThePaint\":\"4\",\"PointsInThePaintMade\":\"2\",\"PointsInThePaintAttempted\":\"3\",\"SecondChancePoints\":\"1\",\"SecondChancePointsMade\":\"0\",\"SecondChancePointsAttempted\":\"0\"},{\"Team_id\":\"1610612764\",\"Team_city\":\"Washington\",\"Team_abr\":\"WAS\",\"Team_name\":\"Wizards\",\"Person_id\":\"1626191\",\"Jersey_number\":\"1\",\"First_name\":\"Chris\",\"Last_name\":\"McCullough\",\"Starting_position\":\"\",\"Minutes\":\"0\",\"Seconds\":\"0\",\"PlusMinus\":\"0\",\"FG_made\":\"0\",\"FG_attempted\":\"0\",\"FT_made\":\"0\",\"FT_attempted\":\"0\",\"Three_made\":\"0\",\"Three_attempted\":\"0\",\"Offensive_rebounds\":\"0\",\"Defensive_rebounds\":\"0\",\"Assists\":\"0\",\"Fouls\":\"0\",\"Steals\":\"0\",\"Turnovers\":\"0\",\"Blocks\":\"0\",\"Points\":\"0\",\"Efficiency\":\"0\",\"FlagrantFouls\":\"0\",\"TechnicalFouls\":\"0\",\"Ejections\":\"0\",\"BlocksAgainst\":\"0\",\"OnCrt\":\"0\",\"BoxScoreOrder\":\"10\",\"Total_rebounds\":\"0\",\"FastBreakPoints\":\"0\",\"FastBreakPointsMade\":\"0\",\"FastBreakPointsAttempted\":\"0\",\"PointsInThePaint\":\"0\",\"PointsInThePaintMade\":\"0\",\"PointsInThePaintAttempted\":\"0\",\"SecondChancePoints\":\"0\",\"SecondChancePointsMade\":\"0\",\"SecondChancePointsAttempted\":\"0\"},{\"Team_id\":\"1610612764\",\"Team_city\":\"Washington\",\"Team_abr\":\"WAS\",\"Team_name\":\"Wizards\",\"Person_id\":\"201196\",\"Jersey_number\":\"9\",\"First_name\":\"Ramon\",\"Last_name\":\"Sessions\",\"Starting_position\":\"\",\"Minutes\":\"0\",\"Seconds\":\"0\",\"PlusMinus\":\"0\",\"FG_made\":\"0\",\"FG_attempted\":\"0\",\"FT_made\":\"0\",\"FT_attempted\":\"0\",\"Three_made\":\"0\",\"Three_attempted\":\"0\",\"Offensive_rebounds\":\"0\",\"Defensive_rebounds\":\"0\",\"Assists\":\"0\",\"Fouls\":\"0\",\"Steals\":\"0\",\"Turnovers\":\"0\",\"Blocks\":\"0\",\"Points\":\"0\",\"Efficiency\":\"0\",\"FlagrantFouls\":\"0\",\"TechnicalFouls\":\"0\",\"Ejections\":\"0\",\"BlocksAgainst\":\"0\",\"OnCrt\":\"0\",\"BoxScoreOrder\":\"11\",\"Total_rebounds\":\"0\",\"FastBreakPoints\":\"0\",\"FastBreakPointsMade\":\"0\",\"FastBreakPointsAttempted\":\"0\",\"PointsInThePaint\":\"0\",\"PointsInThePaintMade\":\"0\",\"PointsInThePaintAttempted\":\"0\",\"SecondChancePoints\":\"0\",\"SecondChancePointsMade\":\"0\",\"SecondChancePointsAttempted\":\"0\"},{\"Team_id\":\"1610612764\",\"Team_city\":\"Washington\",\"Team_abr\":\"WAS\",\"Team_name\":\"Wizards\",\"Person_id\":\"201160\",\"Jersey_number\":\"14\",\"First_name\":\"Jason\",\"Last_name\":\"Smith\",\"Starting_position\":\"\",\"Minutes\":\"0\",\"Seconds\":\"0\",\"PlusMinus\":\"0\",\"FG_made\":\"0\",\"FG_attempted\":\"0\",\"FT_made\":\"0\",\"FT_attempted\":\"0\",\"Three_made\":\"0\",\"Three_attempted\":\"0\",\"Offensive_rebounds\":\"0\",\"Defensive_rebounds\":\"0\",\"Assists\":\"0\",\"Fouls\":\"0\",\"Steals\":\"0\",\"Turnovers\":\"0\",\"Blocks\":\"0\",\"Points\":\"0\",\"Efficiency\":\"0\",\"FlagrantFouls\":\"0\",\"TechnicalFouls\":\"0\",\"Ejections\":\"0\",\"BlocksAgainst\":\"0\",\"OnCrt\":\"0\",\"BoxScoreOrder\":\"12\",\"Total_rebounds\":\"0\",\"FastBreakPoints\":\"0\",\"FastBreakPointsMade\":\"0\",\"FastBreakPointsAttempted\":\"0\",\"PointsInThePaint\":\"0\",\"PointsInThePaintMade\":\"0\",\"PointsInThePaintAttempted\":\"0\",\"SecondChancePoints\":\"0\",\"SecondChancePointsMade\":\"0\",\"SecondChancePointsAttempted\":\"0\"},{\"Team_id\":\"1610612764\",\"Team_city\":\"Washington\",\"Team_abr\":\"WAS\",\"Team_name\":\"Wizards\",\"Person_id\":\"1628421\",\"Jersey_number\":\"7\",\"First_name\":\"Devin\",\"Last_name\":\"Robinson\",\"Starting_position\":\"\",\"Minutes\":\"0\",\"Seconds\":\"0\",\"PlusMinus\":\"0\",\"FG_made\":\"0\",\"FG_attempted\":\"0\",\"FT_made\":\"0\",\"FT_attempted\":\"0\",\"Three_made\":\"0\",\"Three_attempted\":\"0\",\"Offensive_rebounds\":\"0\",\"Defensive_rebounds\":\"0\",\"Assists\":\"0\",\"Fouls\":\"0\",\"Steals\":\"0\",\"Turnovers\":\"0\",\"Blocks\":\"0\",\"Points\":\"0\",\"Efficiency\":\"0\",\"FlagrantFouls\":\"0\",\"TechnicalFouls\":\"0\",\"Ejections\":\"0\",\"BlocksAgainst\":\"0\",\"OnCrt\":\"0\",\"BoxScoreOrder\":\"13\",\"Total_rebounds\":\"0\",\"FastBreakPoints\":\"0\",\"FastBreakPointsMade\":\"0\",\"FastBreakPointsAttempted\":\"0\",\"PointsInThePaint\":\"0\",\"PointsInThePaintMade\":\"0\",\"PointsInThePaintAttempted\":\"0\",\"SecondChancePoints\":\"0\",\"SecondChancePointsMade\":\"0\",\"SecondChancePointsAttempted\":\"0\"},{\"Team_id\":\"1610612764\",\"Team_city\":\"Washington\",\"Team_abr\":\"WAS\",\"Team_name\":\"Wizards\",\"Person_id\":\"202322\",\"Jersey_number\":\"2\",\"First_name\":\"John\",\"Last_name\":\"Wall\",\"Starting_position\":\"\",\"Minutes\":\"0\",\"Seconds\":\"0\",\"PlusMinus\":\"0\",\"FG_made\":\"0\",\"FG_attempted\":\"0\",\"FT_made\":\"0\",\"FT_attempted\":\"0\",\"Three_made\":\"0\",\"Three_attempted\":\"0\",\"Offensive_rebounds\":\"0\",\"Defensive_rebounds\":\"0\",\"Assists\":\"0\",\"Fouls\":\"0\",\"Steals\":\"0\",\"Turnovers\":\"0\",\"Blocks\":\"0\",\"Points\":\"0\",\"Efficiency\":\"0\",\"FlagrantFouls\":\"0\",\"TechnicalFouls\":\"0\",\"Ejections\":\"0\",\"BlocksAgainst\":\"0\",\"OnCrt\":\"0\",\"BoxScoreOrder\":\"14\",\"Total_rebounds\":\"0\",\"FastBreakPoints\":\"0\",\"FastBreakPointsMade\":\"0\",\"FastBreakPointsAttempted\":\"0\",\"PointsInThePaint\":\"0\",\"PointsInThePaintMade\":\"0\",\"PointsInThePaintAttempted\":\"0\",\"SecondChancePoints\":\"0\",\"SecondChancePointsMade\":\"0\",\"SecondChancePointsAttempted\":\"0\"},{\"Team_id\":\"1610612749\",\"Team_city\":\"Milwaukee\",\"Team_abr\":\"MIL\",\"Team_name\":\"Bucks\",\"Person_id\":\"203114\",\"Jersey_number\":\"22\",\"First_name\":\"Khris\",\"Last_name\":\"Middleton\",\"Starting_position\":\"SF\",\"Minutes\":\"33\",\"Seconds\":\"6\",\"PlusMinus\":\"-12\",\"FG_made\":\"6\",\"FG_attempted\":\"13\",\"FT_made\":\"5\",\"FT_attempted\":\"6\",\"Three_made\":\"0\",\"Three_attempted\":\"4\",\"Offensive_rebounds\":\"1\",\"Defensive_rebounds\":\"5\",\"Assists\":\"3\",\"Fouls\":\"4\",\"Steals\":\"1\",\"Turnovers\":\"3\",\"Blocks\":\"0\",\"Points\":\"17\",\"Efficiency\":\"10\",\"FlagrantFouls\":\"0\",\"TechnicalFouls\":\"0\",\"Ejections\":\"0\",\"BlocksAgainst\":\"0\",\"OnCrt\":\"1\",\"BoxScoreOrder\":\"0\",\"Total_rebounds\":\"6\",\"FastBreakPoints\":\"4\",\"FastBreakPointsMade\":\"2\",\"FastBreakPointsAttempted\":\"2\",\"PointsInThePaint\":\"8\",\"PointsInThePaintMade\":\"4\",\"PointsInThePaintAttempted\":\"5\",\"SecondChancePoints\":\"5\",\"SecondChancePointsMade\":\"2\",\"SecondChancePointsAttempted\":\"3\"},{\"Team_id\":\"1610612749\",\"Team_city\":\"Milwaukee\",\"Team_abr\":\"MIL\",\"Team_name\":\"Bucks\",\"Person_id\":\"203507\",\"Jersey_number\":\"34\",\"First_name\":\"Giannis\",\"Last_name\":\"Antetokounmpo\",\"Starting_position\":\"PF\",\"Minutes\":\"39\",\"Seconds\":\"17\",\"PlusMinus\":\"-1\",\"FG_made\":\"8\",\"FG_attempted\":\"16\",\"FT_made\":\"6\",\"FT_attempted\":\"8\",\"Three_made\":\"1\",\"Three_attempted\":\"1\",\"Offensive_rebounds\":\"2\",\"Defensive_rebounds\":\"11\",\"Assists\":\"8\",\"Fouls\":\"5\",\"Steals\":\"3\",\"Turnovers\":\"5\",\"Blocks\":\"6\",\"Points\":\"23\",\"Efficiency\":\"24\",\"FlagrantFouls\":\"0\",\"TechnicalFouls\":\"0\",\"Ejections\":\"0\",\"BlocksAgainst\":\"3\",\"OnCrt\":\"1\",\"BoxScoreOrder\":\"1\",\"Total_rebounds\":\"13\",\"FastBreakPoints\":\"7\",\"FastBreakPointsMade\":\"2\",\"FastBreakPointsAttempted\":\"3\",\"PointsInThePaint\":\"14\",\"PointsInThePaintMade\":\"7\",\"PointsInThePaintAttempted\":\"14\",\"SecondChancePoints\":\"2\",\"SecondChancePointsMade\":\"1\",\"SecondChancePointsAttempted\":\"1\"},{\"Team_id\":\"1610612749\",\"Team_city\":\"Milwaukee\",\"Team_abr\":\"MIL\",\"Team_name\":\"Bucks\",\"Person_id\":\"203089\",\"Jersey_number\":\"31\",\"First_name\":\"John\",\"Last_name\":\"Henson\",\"Starting_position\":\"C\",\"Minutes\":\"25\",\"Seconds\":\"46\",\"PlusMinus\":\"-14\",\"FG_made\":\"2\",\"FG_attempted\":\"5\",\"FT_made\":\"0\",\"FT_attempted\":\"0\",\"Three_made\":\"0\",\"Three_attempted\":\"0\",\"Offensive_rebounds\":\"3\",\"Defensive_rebounds\":\"6\",\"Assists\":\"1\",\"Fouls\":\"3\",\"Steals\":\"1\",\"Turnovers\":\"0\",\"Blocks\":\"0\",\"Points\":\"4\",\"Efficiency\":\"5\",\"FlagrantFouls\":\"0\",\"TechnicalFouls\":\"0\",\"Ejections\":\"0\",\"BlocksAgainst\":\"0\",\"OnCrt\":\"0\",\"BoxScoreOrder\":\"2\",\"Total_rebounds\":\"9\",\"FastBreakPoints\":\"0\",\"FastBreakPointsMade\":\"0\",\"FastBreakPointsAttempted\":\"0\",\"PointsInThePaint\":\"4\",\"PointsInThePaintMade\":\"2\",\"PointsInThePaintAttempted\":\"5\",\"SecondChancePoints\":\"0\",\"SecondChancePointsMade\":\"0\",\"SecondChancePointsAttempted\":\"2\"},{\"Team_id\":\"1610612749\",\"Team_city\":\"Milwaukee\",\"Team_abr\":\"MIL\",\"Team_name\":\"Bucks\",\"Person_id\":\"203503\",\"Jersey_number\":\"21\",\"First_name\":\"Tony\",\"Last_name\":\"Snell\",\"Starting_position\":\"SG\",\"Minutes\":\"22\",\"Seconds\":\"1\",\"PlusMinus\":\"-7\",\"FG_made\":\"2\",\"FG_attempted\":\"4\",\"FT_made\":\"2\",\"FT_attempted\":\"2\",\"Three_made\":\"2\",\"Three_attempted\":\"4\",\"Offensive_rebounds\":\"0\",\"Defensive_rebounds\":\"0\",\"Assists\":\"1\",\"Fouls\":\"0\",\"Steals\":\"2\",\"Turnovers\":\"1\",\"Blocks\":\"2\",\"Points\":\"8\",\"Efficiency\":\"9\",\"FlagrantFouls\":\"0\",\"TechnicalFouls\":\"0\",\"Ejections\":\"0\",\"BlocksAgainst\":\"0\",\"OnCrt\":\"0\",\"BoxScoreOrder\":\"3\",\"Total_rebounds\":\"0\",\"FastBreakPoints\":\"0\",\"FastBreakPointsMade\":\"0\",\"FastBreakPointsAttempted\":\"0\",\"PointsInThePaint\":\"0\",\"PointsInThePaintMade\":\"0\",\"PointsInThePaintAttempted\":\"0\",\"SecondChancePoints\":\"0\",\"SecondChancePointsMade\":\"0\",\"SecondChancePointsAttempted\":\"0\"},{\"Team_id\":\"1610612749\",\"Team_city\":\"Milwaukee\",\"Team_abr\":\"MIL\",\"Team_name\":\"Bucks\",\"Person_id\":\"202339\",\"Jersey_number\":\"6\",\"First_name\":\"Eric\",\"Last_name\":\"Bledsoe\",\"Starting_position\":\"PG\",\"Minutes\":\"35\",\"Seconds\":\"23\",\"PlusMinus\":\"-9\",\"FG_made\":\"6\",\"FG_attempted\":\"15\",\"FT_made\":\"2\",\"FT_attempted\":\"2\",\"Three_made\":\"3\",\"Three_attempted\":\"7\",\"Offensive_rebounds\":\"0\",\"Defensive_rebounds\":\"1\",\"Assists\":\"3\",\"Fouls\":\"1\",\"Steals\":\"2\",\"Turnovers\":\"4\",\"Blocks\":\"0\",\"Points\":\"17\",\"Efficiency\":\"8\",\"FlagrantFouls\":\"0\",\"TechnicalFouls\":\"0\",\"Ejections\":\"0\",\"BlocksAgainst\":\"1\",\"OnCrt\":\"1\",\"BoxScoreOrder\":\"4\",\"Total_rebounds\":\"1\",\"FastBreakPoints\":\"3\",\"FastBreakPointsMade\":\"1\",\"FastBreakPointsAttempted\":\"3\",\"PointsInThePaint\":\"6\",\"PointsInThePaintMade\":\"3\",\"PointsInThePaintAttempted\":\"6\",\"SecondChancePoints\":\"0\",\"SecondChancePointsMade\":\"0\",\"SecondChancePointsAttempted\":\"0\"},{\"Team_id\":\"1610612749\",\"Team_city\":\"Milwaukee\",\"Team_abr\":\"MIL\",\"Team_name\":\"Bucks\",\"Person_id\":\"1628425\",\"Jersey_number\":\"23\",\"First_name\":\"Sterling\",\"Last_name\":\"Brown\",\"Starting_position\":\"\",\"Minutes\":\"14\",\"Seconds\":\"29\",\"PlusMinus\":\"8\",\"FG_made\":\"2\",\"FG_attempted\":\"5\",\"FT_made\":\"2\",\"FT_attempted\":\"2\",\"Three_made\":\"0\",\"Three_attempted\":\"2\",\"Offensive_rebounds\":\"0\",\"Defensive_rebounds\":\"1\",\"Assists\":\"0\",\"Fouls\":\"3\",\"Steals\":\"0\",\"Turnovers\":\"1\",\"Blocks\":\"0\",\"Points\":\"6\",\"Efficiency\":\"1\",\"FlagrantFouls\":\"0\",\"TechnicalFouls\":\"0\",\"Ejections\":\"0\",\"BlocksAgainst\":\"0\",\"OnCrt\":\"0\",\"BoxScoreOrder\":\"5\",\"Total_rebounds\":\"1\",\"FastBreakPoints\":\"0\",\"FastBreakPointsMade\":\"0\",\"FastBreakPointsAttempted\":\"0\",\"PointsInThePaint\":\"2\",\"PointsInThePaintMade\":\"1\",\"PointsInThePaintAttempted\":\"2\",\"SecondChancePoints\":\"0\",\"SecondChancePointsMade\":\"0\",\"SecondChancePointsAttempted\":\"0\"},{\"Team_id\":\"1610612749\",\"Team_city\":\"Milwaukee\",\"Team_abr\":\"MIL\",\"Team_name\":\"Bucks\",\"Person_id\":\"1891\",\"Jersey_number\":\"3\",\"First_name\":\"Jason\",\"Last_name\":\"Terry\",\"Starting_position\":\"\",\"Minutes\":\"18\",\"Seconds\":\"58\",\"PlusMinus\":\"8\",\"FG_made\":\"2\",\"FG_attempted\":\"4\",\"FT_made\":\"0\",\"FT_attempted\":\"0\",\"Three_made\":\"2\",\"Three_attempted\":\"4\",\"Offensive_rebounds\":\"0\",\"Defensive_rebounds\":\"2\",\"Assists\":\"2\",\"Fouls\":\"1\",\"Steals\":\"0\",\"Turnovers\":\"0\",\"Blocks\":\"0\",\"Points\":\"6\",\"Efficiency\":\"5\",\"FlagrantFouls\":\"0\",\"TechnicalFouls\":\"0\",\"Ejections\":\"0\",\"BlocksAgainst\":\"0\",\"OnCrt\":\"1\",\"BoxScoreOrder\":\"6\",\"Total_rebounds\":\"2\",\"FastBreakPoints\":\"0\",\"FastBreakPointsMade\":\"0\",\"FastBreakPointsAttempted\":\"1\",\"PointsInThePaint\":\"0\",\"PointsInThePaintMade\":\"0\",\"PointsInThePaintAttempted\":\"0\",\"SecondChancePoints\":\"0\",\"SecondChancePointsMade\":\"0\",\"SecondChancePointsAttempted\":\"0\"},{\"Team_id\":\"1610612749\",\"Team_city\":\"Milwaukee\",\"Team_abr\":\"MIL\",\"Team_name\":\"Bucks\",\"Person_id\":\"1627748\",\"Jersey_number\":\"7\",\"First_name\":\"Thon\",\"Last_name\":\"Maker\",\"Starting_position\":\"\",\"Minutes\":\"13\",\"Seconds\":\"5\",\"PlusMinus\":\"6\",\"FG_made\":\"1\",\"FG_attempted\":\"2\",\"FT_made\":\"2\",\"FT_attempted\":\"2\",\"Three_made\":\"0\",\"Three_attempted\":\"0\",\"Offensive_rebounds\":\"0\",\"Defensive_rebounds\":\"2\",\"Assists\":\"1\",\"Fouls\":\"2\",\"Steals\":\"1\",\"Turnovers\":\"2\",\"Blocks\":\"0\",\"Points\":\"4\",\"Efficiency\":\"2\",\"FlagrantFouls\":\"0\",\"TechnicalFouls\":\"0\",\"Ejections\":\"0\",\"BlocksAgainst\":\"1\",\"OnCrt\":\"0\",\"BoxScoreOrder\":\"7\",\"Total_rebounds\":\"2\",\"FastBreakPoints\":\"0\",\"FastBreakPointsMade\":\"0\",\"FastBreakPointsAttempted\":\"0\",\"PointsInThePaint\":\"2\",\"PointsInThePaintMade\":\"1\",\"PointsInThePaintAttempted\":\"2\",\"SecondChancePoints\":\"2\",\"SecondChancePointsMade\":\"0\",\"SecondChancePointsAttempted\":\"0\"},{\"Team_id\":\"1610612749\",\"Team_city\":\"Milwaukee\",\"Team_abr\":\"MIL\",\"Team_name\":\"Bucks\",\"Person_id\":\"203953\",\"Jersey_number\":\"12\",\"First_name\":\"Jabari\",\"Last_name\":\"Parker\",\"Starting_position\":\"\",\"Minutes\":\"26\",\"Seconds\":\"41\",\"PlusMinus\":\"5\",\"FG_made\":\"6\",\"FG_attempted\":\"10\",\"FT_made\":\"5\",\"FT_attempted\":\"6\",\"Three_made\":\"2\",\"Three_attempted\":\"3\",\"Offensive_rebounds\":\"1\",\"Defensive_rebounds\":\"4\",\"Assists\":\"1\",\"Fouls\":\"1\",\"Steals\":\"0\",\"Turnovers\":\"0\",\"Blocks\":\"0\",\"Points\":\"19\",\"Efficiency\":\"16\",\"FlagrantFouls\":\"0\",\"TechnicalFouls\":\"0\",\"Ejections\":\"0\",\"BlocksAgainst\":\"1\",\"OnCrt\":\"1\",\"BoxScoreOrder\":\"8\",\"Total_rebounds\":\"5\",\"FastBreakPoints\":\"0\",\"FastBreakPointsMade\":\"0\",\"FastBreakPointsAttempted\":\"0\",\"PointsInThePaint\":\"4\",\"PointsInThePaintMade\":\"2\",\"PointsInThePaintAttempted\":\"4\",\"SecondChancePoints\":\"0\",\"SecondChancePointsMade\":\"0\",\"SecondChancePointsAttempted\":\"1\"},{\"Team_id\":\"1610612749\",\"Team_city\":\"Milwaukee\",\"Team_abr\":\"MIL\",\"Team_name\":\"Bucks\",\"Person_id\":\"203092\",\"Jersey_number\":\"44\",\"First_name\":\"Tyler\",\"Last_name\":\"Zeller\",\"Starting_position\":\"\",\"Minutes\":\"7\",\"Seconds\":\"56\",\"PlusMinus\":\"5\",\"FG_made\":\"0\",\"FG_attempted\":\"2\",\"FT_made\":\"0\",\"FT_attempted\":\"0\",\"Three_made\":\"0\",\"Three_attempted\":\"0\",\"Offensive_rebounds\":\"1\",\"Defensive_rebounds\":\"0\",\"Assists\":\"0\",\"Fouls\":\"0\",\"Steals\":\"0\",\"Turnovers\":\"0\",\"Blocks\":\"1\",\"Points\":\"0\",\"Efficiency\":\"0\",\"FlagrantFouls\":\"0\",\"TechnicalFouls\":\"0\",\"Ejections\":\"0\",\"BlocksAgainst\":\"0\",\"OnCrt\":\"0\",\"BoxScoreOrder\":\"9\",\"Total_rebounds\":\"1\",\"FastBreakPoints\":\"0\",\"FastBreakPointsMade\":\"0\",\"FastBreakPointsAttempted\":\"0\",\"PointsInThePaint\":\"0\",\"PointsInThePaintMade\":\"0\",\"PointsInThePaintAttempted\":\"2\",\"SecondChancePoints\":\"0\",\"SecondChancePointsMade\":\"0\",\"SecondChancePointsAttempted\":\"1\"},{\"Team_id\":\"1610612749\",\"Team_city\":\"Milwaukee\",\"Team_abr\":\"MIL\",\"Team_name\":\"Bucks\",\"Person_id\":\"203930\",\"Jersey_number\":\"9\",\"First_name\":\"Sean\",\"Last_name\":\"Kilpatrick\",\"Starting_position\":\"\",\"Minutes\":\"3\",\"Seconds\":\"17\",\"PlusMinus\":\"-4\",\"FG_made\":\"0\",\"FG_attempted\":\"1\",\"FT_made\":\"0\",\"FT_attempted\":\"0\",\"Three_made\":\"0\",\"Three_attempted\":\"1\",\"Offensive_rebounds\":\"0\",\"Defensive_rebounds\":\"0\",\"Assists\":\"0\",\"Fouls\":\"0\",\"Steals\":\"0\",\"Turnovers\":\"0\",\"Blocks\":\"0\",\"Points\":\"0\",\"Efficiency\":\"0\",\"FlagrantFouls\":\"0\",\"TechnicalFouls\":\"0\",\"Ejections\":\"0\",\"BlocksAgainst\":\"0\",\"OnCrt\":\"0\",\"BoxScoreOrder\":\"10\",\"Total_rebounds\":\"0\",\"FastBreakPoints\":\"0\",\"FastBreakPointsMade\":\"0\",\"FastBreakPointsAttempted\":\"1\",\"PointsInThePaint\":\"0\",\"PointsInThePaintMade\":\"0\",\"PointsInThePaintAttempted\":\"0\",\"SecondChancePoints\":\"0\",\"SecondChancePointsMade\":\"0\",\"SecondChancePointsAttempted\":\"0\"},{\"Team_id\":\"1610612749\",\"Team_city\":\"Milwaukee\",\"Team_abr\":\"MIL\",\"Team_name\":\"Bucks\",\"Person_id\":\"204098\",\"Jersey_number\":\"0\",\"First_name\":\"Xavier\",\"Last_name\":\"Munford\",\"Starting_position\":\"\",\"Minutes\":\"0\",\"Seconds\":\"0\",\"PlusMinus\":\"0\",\"FG_made\":\"0\",\"FG_attempted\":\"0\",\"FT_made\":\"0\",\"FT_attempted\":\"0\",\"Three_made\":\"0\",\"Three_attempted\":\"0\",\"Offensive_rebounds\":\"0\",\"Defensive_rebounds\":\"0\",\"Assists\":\"0\",\"Fouls\":\"0\",\"Steals\":\"0\",\"Turnovers\":\"0\",\"Blocks\":\"0\",\"Points\":\"0\",\"Efficiency\":\"0\",\"FlagrantFouls\":\"0\",\"TechnicalFouls\":\"0\",\"Ejections\":\"0\",\"BlocksAgainst\":\"0\",\"OnCrt\":\"0\",\"BoxScoreOrder\":\"11\",\"Total_rebounds\":\"0\",\"FastBreakPoints\":\"0\",\"FastBreakPointsMade\":\"0\",\"FastBreakPointsAttempted\":\"0\",\"PointsInThePaint\":\"0\",\"PointsInThePaintMade\":\"0\",\"PointsInThePaintAttempted\":\"0\",\"SecondChancePoints\":\"0\",\"SecondChancePointsMade\":\"0\",\"SecondChancePointsAttempted\":\"0\"},{\"Team_id\":\"1610612749\",\"Team_city\":\"Milwaukee\",\"Team_abr\":\"MIL\",\"Team_name\":\"Bucks\",\"Person_id\":\"1628391\",\"Jersey_number\":\"5\",\"First_name\":\"D.J.\",\"Last_name\":\"Wilson\",\"Starting_position\":\"\",\"Minutes\":\"0\",\"Seconds\":\"0\",\"PlusMinus\":\"0\",\"FG_made\":\"0\",\"FG_attempted\":\"0\",\"FT_made\":\"0\",\"FT_attempted\":\"0\",\"Three_made\":\"0\",\"Three_attempted\":\"0\",\"Offensive_rebounds\":\"0\",\"Defensive_rebounds\":\"0\",\"Assists\":\"0\",\"Fouls\":\"0\",\"Steals\":\"0\",\"Turnovers\":\"0\",\"Blocks\":\"0\",\"Points\":\"0\",\"Efficiency\":\"0\",\"FlagrantFouls\":\"0\",\"TechnicalFouls\":\"0\",\"Ejections\":\"0\",\"BlocksAgainst\":\"0\",\"OnCrt\":\"0\",\"BoxScoreOrder\":\"12\",\"Total_rebounds\":\"0\",\"FastBreakPoints\":\"0\",\"FastBreakPointsMade\":\"0\",\"FastBreakPointsAttempted\":\"0\",\"PointsInThePaint\":\"0\",\"PointsInThePaintMade\":\"0\",\"PointsInThePaintAttempted\":\"0\",\"SecondChancePoints\":\"0\",\"SecondChancePointsMade\":\"0\",\"SecondChancePointsAttempted\":\"0\"},{\"Team_id\":\"1610612749\",\"Team_city\":\"Milwaukee\",\"Team_abr\":\"MIL\",\"Team_name\":\"Bucks\",\"Person_id\":\"1627763\",\"Jersey_number\":\"13\",\"First_name\":\"Malcolm\",\"Last_name\":\"Brogdon\",\"Starting_position\":\"\",\"Minutes\":\"0\",\"Seconds\":\"0\",\"PlusMinus\":\"0\",\"FG_made\":\"0\",\"FG_attempted\":\"0\",\"FT_made\":\"0\",\"FT_attempted\":\"0\",\"Three_made\":\"0\",\"Three_attempted\":\"0\",\"Offensive_rebounds\":\"0\",\"Defensive_rebounds\":\"0\",\"Assists\":\"0\",\"Fouls\":\"0\",\"Steals\":\"0\",\"Turnovers\":\"0\",\"Blocks\":\"0\",\"Points\":\"0\",\"Efficiency\":\"0\",\"FlagrantFouls\":\"0\",\"TechnicalFouls\":\"0\",\"Ejections\":\"0\",\"BlocksAgainst\":\"0\",\"OnCrt\":\"0\",\"BoxScoreOrder\":\"13\",\"Total_rebounds\":\"0\",\"FastBreakPoints\":\"0\",\"FastBreakPointsMade\":\"0\",\"FastBreakPointsAttempted\":\"0\",\"PointsInThePaint\":\"0\",\"PointsInThePaintMade\":\"0\",\"PointsInThePaintAttempted\":\"0\",\"SecondChancePoints\":\"0\",\"SecondChancePointsMade\":\"0\",\"SecondChancePointsAttempted\":\"0\"},{\"Team_id\":\"1610612749\",\"Team_city\":\"Milwaukee\",\"Team_abr\":\"MIL\",\"Team_name\":\"Bucks\",\"Person_id\":\"203521\",\"Jersey_number\":\"8\",\"First_name\":\"Matthew\",\"Last_name\":\"Dellavedova\",\"Starting_position\":\"\",\"Minutes\":\"0\",\"Seconds\":\"0\",\"PlusMinus\":\"0\",\"FG_made\":\"0\",\"FG_attempted\":\"0\",\"FT_made\":\"0\",\"FT_attempted\":\"0\",\"Three_made\":\"0\",\"Three_attempted\":\"0\",\"Offensive_rebounds\":\"0\",\"Defensive_rebounds\":\"0\",\"Assists\":\"0\",\"Fouls\":\"0\",\"Steals\":\"0\",\"Turnovers\":\"0\",\"Blocks\":\"0\",\"Points\":\"0\",\"Efficiency\":\"0\",\"FlagrantFouls\":\"0\",\"TechnicalFouls\":\"0\",\"Ejections\":\"0\",\"BlocksAgainst\":\"0\",\"OnCrt\":\"0\",\"BoxScoreOrder\":\"14\",\"Total_rebounds\":\"0\",\"FastBreakPoints\":\"0\",\"FastBreakPointsMade\":\"0\",\"FastBreakPointsAttempted\":\"0\",\"PointsInThePaint\":\"0\",\"PointsInThePaintMade\":\"0\",\"PointsInThePaintAttempted\":\"0\",\"SecondChancePoints\":\"0\",\"SecondChancePointsMade\":\"0\",\"SecondChancePointsAttempted\":\"0\"},{\"Team_id\":\"1610612749\",\"Team_city\":\"Milwaukee\",\"Team_abr\":\"MIL\",\"Team_name\":\"Bucks\",\"Person_id\":\"1627850\",\"Jersey_number\":\"40\",\"First_name\":\"Marshall\",\"Last_name\":\"Plumlee\",\"Starting_position\":\"\",\"Minutes\":\"0\",\"Seconds\":\"0\",\"PlusMinus\":\"0\",\"FG_made\":\"0\",\"FG_attempted\":\"0\",\"FT_made\":\"0\",\"FT_attempted\":\"0\",\"Three_made\":\"0\",\"Three_attempted\":\"0\",\"Offensive_rebounds\":\"0\",\"Defensive_rebounds\":\"0\",\"Assists\":\"0\",\"Fouls\":\"0\",\"Steals\":\"0\",\"Turnovers\":\"0\",\"Blocks\":\"0\",\"Points\":\"0\",\"Efficiency\":\"0\",\"FlagrantFouls\":\"0\",\"TechnicalFouls\":\"0\",\"Ejections\":\"0\",\"BlocksAgainst\":\"0\",\"OnCrt\":\"0\",\"BoxScoreOrder\":\"15\",\"Total_rebounds\":\"0\",\"FastBreakPoints\":\"0\",\"FastBreakPointsMade\":\"0\",\"FastBreakPointsAttempted\":\"0\",\"PointsInThePaint\":\"0\",\"PointsInThePaintMade\":\"0\",\"PointsInThePaintAttempted\":\"0\",\"SecondChancePoints\":\"0\",\"SecondChancePointsMade\":\"0\",\"SecondChancePointsAttempted\":\"0\"},{\"Team_id\":\"1610612749\",\"Team_city\":\"Milwaukee\",\"Team_abr\":\"MIL\",\"Team_name\":\"Bucks\",\"Person_id\":\"203141\",\"Jersey_number\":\"35\",\"First_name\":\"Mirza\",\"Last_name\":\"Teletovic\",\"Starting_position\":\"\",\"Minutes\":\"0\",\"Seconds\":\"0\",\"PlusMinus\":\"0\",\"FG_made\":\"0\",\"FG_attempted\":\"0\",\"FT_made\":\"0\",\"FT_attempted\":\"0\",\"Three_made\":\"0\",\"Three_attempted\":\"0\",\"Offensive_rebounds\":\"0\",\"Defensive_rebounds\":\"0\",\"Assists\":\"0\",\"Fouls\":\"0\",\"Steals\":\"0\",\"Turnovers\":\"0\",\"Blocks\":\"0\",\"Points\":\"0\",\"Efficiency\":\"0\",\"FlagrantFouls\":\"0\",\"TechnicalFouls\":\"0\",\"Ejections\":\"0\",\"BlocksAgainst\":\"0\",\"OnCrt\":\"0\",\"BoxScoreOrder\":\"16\",\"Total_rebounds\":\"0\",\"FastBreakPoints\":\"0\",\"FastBreakPointsMade\":\"0\",\"FastBreakPointsAttempted\":\"0\",\"PointsInThePaint\":\"0\",\"PointsInThePaintMade\":\"0\",\"PointsInThePaintAttempted\":\"0\",\"SecondChancePoints\":\"0\",\"SecondChancePointsMade\":\"0\",\"SecondChancePointsAttempted\":\"0\"}],\"Team\":[{\"Team_id\":\"1610612764\",\"Team_city\":\"Washington\",\"Team_abr\":\"WAS\",\"Team_name\":\"Wizards\",\"Minutes\":\"240\",\"FG_made\":\"42\",\"FG_attempted\":\"88\",\"FT_made\":\"16\",\"FT_attempted\":\"22\",\"Three_made\":\"7\",\"Three_attempted\":\"20\",\"Offensive_rebounds\":\"9\",\"Defensive_rebounds\":\"31\",\"Team_rebounds\":\"8\",\"Assists\":\"30\",\"Fouls\":\"22\",\"Team_Fouls\":\"22\",\"Steals\":\"9\",\"Turnovers\":\"11\",\"TeamTurnovers\":\"2\",\"Blocks\":\"6\",\"Points\":\"107\",\"FlagrantFouls\":\"0\",\"TechnicalFouls\":\"0\",\"Ejections\":\"0\",\"BlocksAgainst\":\"9\",\"FullTimeoutsRemaining\":\"1\",\"ShortTimeoutsRemaining\":\"0\",\"PointsOffTurnovers\":\"13\",\"UnansweredPoints\":\"0\",\"LongestRun\":\"14\",\"TotalTurnovers\":\"13\",\"FastBreakPoints\":\"14\",\"FastBreakPointsMade\":\"7\",\"FastBreakPointsAttempted\":\"13\",\"PointsInThePaint\":\"52\",\"PointsInThePaintMade\":\"26\",\"PointsInThePaintAttempted\":\"46\",\"SecondChancePoints\":\"14\",\"SecondChancePointsMade\":\"6\",\"SecondChancePointsAttempted\":\"9\"},{\"Team_id\":\"1610612749\",\"Team_city\":\"Milwaukee\",\"Team_abr\":\"MIL\",\"Team_name\":\"Bucks\",\"Minutes\":\"240\",\"FG_made\":\"35\",\"FG_attempted\":\"77\",\"FT_made\":\"24\",\"FT_attempted\":\"28\",\"Three_made\":\"10\",\"Three_attempted\":\"26\",\"Offensive_rebounds\":\"8\",\"Defensive_rebounds\":\"32\",\"Team_rebounds\":\"10\",\"Assists\":\"20\",\"Fouls\":\"20\",\"Team_Fouls\":\"17\",\"Steals\":\"10\",\"Turnovers\":\"16\",\"TeamTurnovers\":\"1\",\"Blocks\":\"9\",\"Points\":\"104\",\"FlagrantFouls\":\"0\",\"TechnicalFouls\":\"0\",\"Ejections\":\"0\",\"BlocksAgainst\":\"6\",\"FullTimeoutsRemaining\":\"0\",\"ShortTimeoutsRemaining\":\"0\",\"PointsOffTurnovers\":\"13\",\"UnansweredPoints\":\"0\",\"LongestRun\":\"12\",\"TotalTurnovers\":\"17\",\"FastBreakPoints\":\"14\",\"FastBreakPointsMade\":\"5\",\"FastBreakPointsAttempted\":\"10\",\"PointsInThePaint\":\"40\",\"PointsInThePaintMade\":\"20\",\"PointsInThePaintAttempted\":\"40\",\"SecondChancePoints\":\"9\",\"SecondChancePointsMade\":\"3\",\"SecondChancePointsAttempted\":\"8\"}],\"VisitorScore\":{\"Team_id\":\"1610612764\",\"Team_city\":\"Washington\",\"Team_name\":\"Wizards\",\"Team_abr\":\"WAS\",\"Visitor_score\":\"107\",\"Qtr_1_score\":\"40\",\"Qtr_2_score\":\"24\",\"Qtr_3_score\":\"20\",\"Qtr_4_score\":\"23\",\"OT_1_score\":\"0\",\"OT_2_score\":\"0\",\"OT_3_score\":\"0\",\"OT_4_score\":\"0\",\"OT_5_score\":\"0\",\"OT_6_score\":\"0\",\"OT_7_score\":\"0\",\"OT_8_score\":\"0\",\"OT_9_score\":\"0\",\"OT_10_score\":\"0\",\"Fast_break_pts\":\"14\",\"Pts_in_paint\":\"52\",\"Biggest_lead\":\"21\",\"Team_Fouls\":\"22\"},\"HomeScore\":{\"Team_id\":\"1610612749\",\"Team_city\":\"Milwaukee\",\"Team_name\":\"Bucks\",\"Team_abr\":\"MIL\",\"Home_score\":\"104\",\"Qtr_1_score\":\"22\",\"Qtr_2_score\":\"28\",\"Qtr_3_score\":\"31\",\"Qtr_4_score\":\"23\",\"OT_1_score\":\"0\",\"OT_2_score\":\"0\",\"OT_3_score\":\"0\",\"OT_4_score\":\"0\",\"OT_5_score\":\"0\",\"OT_6_score\":\"0\",\"OT_7_score\":\"0\",\"OT_8_score\":\"0\",\"OT_9_score\":\"0\",\"OT_10_score\":\"0\",\"Fast_break_pts\":\"14\",\"Pts_in_paint\":\"40\",\"Biggest_lead\":\"0\",\"Team_Fouls\":\"17\"}}
